time,pedestrians,bicyclists,cars,buses,trucks
2019-10-01T00:00:00-04:00,7,0,176,11,3
2019-10-01T01:00:00-04:00,1,0,118,4,0
2019-10-01T02:00:00-04:00,10,0,56,0,2
2019-10-01T03:00:00-04:00,0,0,58,0,0
2019-10-01T04:00:00-04:00,2,0,52,0,3
2019-10-01T05:00:00-04:00,4,0,145,5,5
2019-10-01T06:00:00-04:00,13,0,404,26,20
2019-10-01T07:00:00-04:00,93,8,1299,88,98
2019-10-01T08:00:00-04:00,66,4,1821,88,112
2019-10-01T09:00:00-04:00,190,36,1516,123,194
2019-10-01T10:00:00-04:00,160,56,923,90,106
2019-10-01T11:00:00-04:00,80,8,675,54,48
2019-10-01T12:00:00-04:00,184,68,944,68,77
2019-10-01T13:00:00-04:00,186,72,939,66,88
2019-10-01T14:00:00-04:00,87,15,829,65,77
2019-10-01T15:00:00-04:00,208,72,1150,64,88
2019-10-01T16:00:00-04:00,116,40,1367,62,79
2019-10-01T17:00:00-04:00,143,28,1955,94,76
2019-10-01T18:00:00-04:00,148,69,1634,87,51
2019-10-01T19:00:00-04:00,35,1,983,35,14
2019-10-01T20:00:00-04:00,16,1,771,17,9
2019-10-01T21:00:00-04:00,11,0,657,24,10
2019-10-01T22:00:00-04:00,8,0,441,19,5
2019-10-01T23:00:00-04:00,3,0,329,13,7
2019-10-02T00:00:00-04:00,6,0,199,6,3
2019-10-02T01:00:00-04:00,2,0,114,1,1
2019-10-02T02:00:00-04:00,5,0,72,1,2
2019-10-02T03:00:00-04:00,0,0,63,0,0
2019-10-02T04:00:00-04:00,1,0,59,2,1
2019-10-02T05:00:00-04:00,3,0,165,4,2
2019-10-02T06:00:00-04:00,8,2,405,22,22
2019-10-02T07:00:00-04:00,127,11,1273,81,96
2019-10-02T08:00:00-04:00,150,25,1653,97,123
2019-10-02T09:00:00-04:00,100,28,1425,111,103
2019-10-02T10:00:00-04:00,152,41,956,81,102
2019-10-02T11:00:00-04:00,320,60,848,61,94
2019-10-02T12:00:00-04:00,204,59,947,64,81
2019-10-02T13:00:00-04:00,222,71,943,50,67
2019-10-02T14:00:00-04:00,226,61,990,70,86
2019-10-02T15:00:00-04:00,150,56,1087,51,78
2019-10-02T16:00:00-04:00,143,63,1606,79,70
2019-10-02T17:00:00-04:00,145,25,1710,85,60
2019-10-02T18:00:00-04:00,137,30,1806,74,44
2019-10-02T19:00:00-04:00,27,2,1070,44,12
2019-10-02T20:00:00-04:00,8,0,776,22,8
2019-10-02T21:00:00-04:00,12,0,731,14,7
2019-10-02T22:00:00-04:00,10,0,468,25,3
2019-10-02T23:00:00-04:00,12,0,371,17,1
2019-10-03T00:00:00-04:00,10,0,235,5,2
2019-10-03T01:00:00-04:00,4,0,120,6,4
2019-10-03T02:00:00-04:00,5,0,61,3,4
2019-10-03T03:00:00-04:00,0,0,90,1,1
2019-10-03T04:00:00-04:00,0,0,60,0,3
2019-10-03T05:00:00-04:00,2,0,175,6,2
2019-10-03T06:00:00-04:00,6,1,381,27,22
2019-10-03T07:00:00-04:00,56,10,1262,76,70
2019-10-03T08:00:00-04:00,97,19,1659,86,75
2019-10-03T09:00:00-04:00,258,42,1445,105,117
2019-10-03T10:00:00-04:00,320,99,1171,100,143
2019-10-03T11:00:00-04:00,163,33,983,73,131
2019-10-03T12:00:00-04:00,393,120,1145,66,96
2019-10-03T13:00:00-04:00,335,94,1080,61,106
2019-10-03T14:00:00-04:00,194,57,1105,69,89
2019-10-03T15:00:00-04:00,406,78,1382,85,114
2019-10-03T16:00:00-04:00,279,86,1644,75,70
2019-10-03T17:00:00-04:00,186,43,1831,93,70
2019-10-03T18:00:00-04:00,6,1,102,7,4
2019-10-03T19:00:00-04:00,73,3,1182,37,10
2019-10-03T20:00:00-04:00,30,0,920,27,11
2019-10-03T21:00:00-04:00,26,1,633,19,6
2019-10-03T22:00:00-04:00,20,0,544,24,7
2019-10-03T23:00:00-04:00,7,0,328,15,5
2019-10-04T00:00:00-04:00,8,1,240,9,12
2019-10-04T01:00:00-04:00,6,0,114,6,1
2019-10-04T02:00:00-04:00,7,1,108,4,0
2019-10-04T03:00:00-04:00,1,0,74,0,0
2019-10-04T04:00:00-04:00,0,0,51,0,0
2019-10-04T05:00:00-04:00,2,0,136,3,3
2019-10-04T06:00:00-04:00,7,0,376,35,22
2019-10-04T07:00:00-04:00,104,14,1022,80,78
2019-10-04T08:00:00-04:00,40,8,1434,78,114
2019-10-04T09:00:00-04:00,111,33,1188,100,134
2019-10-04T10:00:00-04:00,168,44,826,95,101
2019-10-04T11:00:00-04:00,354,72,1039,58,120
2019-10-04T12:00:00-04:00,296,52,1299,69,79
2019-10-04T13:00:00-04:00,230,99,1073,54,73
2019-10-04T14:00:00-04:00,211,55,1135,51,83
2019-10-04T15:00:00-04:00,107,37,1292,54,82
2019-10-04T16:00:00-04:00,60,36,1735,70,86
2019-10-04T17:00:00-04:00,120,19,1745,76,63
2019-10-04T18:00:00-04:00,171,21,1316,92,32
2019-10-04T19:00:00-04:00,50,0,1092,37,15
2019-10-04T20:00:00-04:00,16,0,814,31,8
2019-10-04T21:00:00-04:00,13,0,634,30,7
2019-10-04T22:00:00-04:00,23,0,642,33,3
2019-10-04T23:00:00-04:00,16,0,579,27,3
2019-10-05T00:00:00-04:00,11,0,424,16,1
2019-10-05T01:00:00-04:00,12,0,303,13,2
2019-10-05T02:00:00-04:00,4,0,239,4,2
2019-10-05T03:00:00-04:00,0,0,100,5,3
2019-10-05T04:00:00-04:00,1,0,47,0,2
2019-10-05T05:00:00-04:00,0,0,60,0,0
2019-10-05T06:00:00-04:00,29,0,193,8,4
2019-10-05T07:00:00-04:00,46,1,368,20,22
2019-10-05T08:00:00-04:00,109,3,680,16,21
2019-10-05T09:00:00-04:00,108,6,870,26,29
2019-10-05T10:00:00-04:00,64,4,734,20,25
2019-10-05T11:00:00-04:00,140,19,763,28,10
2019-10-05T12:00:00-04:00,176,20,1055,29,38
2019-10-05T13:00:00-04:00,122,11,1059,15,18
2019-10-05T14:00:00-04:00,148,23,1162,23,26
2019-10-05T15:00:00-04:00,78,22,987,26,27
2019-10-05T16:00:00-04:00,87,7,950,21,27
2019-10-05T17:00:00-04:00,128,46,1280,31,26
2019-10-05T18:00:00-04:00,144,24,1424,53,18
2019-10-05T19:00:00-04:00,41,0,879,20,3
2019-10-05T20:00:00-04:00,16,0,594,14,7
2019-10-05T21:00:00-04:00,25,0,575,16,5
2019-10-05T22:00:00-04:00,12,0,615,20,3
2019-10-05T23:00:00-04:00,5,0,538,18,4
2019-10-06T00:00:00-04:00,19,0,316,8,6
2019-10-06T01:00:00-04:00,15,0,221,8,3
2019-10-06T02:00:00-04:00,37,0,176,9,2
2019-10-06T03:00:00-04:00,2,0,106,0,0
2019-10-06T04:00:00-04:00,1,0,38,0,1
2019-10-06T05:00:00-04:00,0,0,19,0,0
2019-10-06T06:00:00-04:00,15,0,64,1,2
2019-10-06T07:00:00-04:00,31,3,276,6,10
2019-10-06T08:00:00-04:00,76,4,413,8,12
2019-10-06T09:00:00-04:00,256,38,651,6,13
2019-10-06T10:00:00-04:00,49,8,619,12,15
2019-10-06T11:00:00-04:00,34,9,893,24,20
2019-10-06T12:00:00-04:00,65,18,802,25,16
2019-10-06T13:00:00-04:00,64,15,988,29,23
2019-10-06T14:00:00-04:00,48,3,878,28,14
2019-10-06T15:00:00-04:00,50,8,945,26,22
2019-10-06T16:00:00-04:00,58,8,853,30,29
2019-10-06T17:00:00-04:00,52,18,998,28,10
2019-10-06T18:00:00-04:00,86,8,980,37,16
2019-10-06T19:00:00-04:00,17,1,830,10,4
2019-10-06T20:00:00-04:00,3,0,716,5,4
2019-10-06T21:00:00-04:00,12,0,501,6,6
2019-10-06T22:00:00-04:00,8,0,374,8,3
2019-10-06T23:00:00-04:00,18,0,293,11,3
2019-10-07T00:00:00-04:00,4,0,144,3,3
2019-10-07T01:00:00-04:00,3,0,107,3,2
2019-10-07T02:00:00-04:00,7,0,58,1,0
2019-10-07T03:00:00-04:00,3,0,72,0,1
2019-10-07T04:00:00-04:00,0,0,52,0,0
2019-10-07T05:00:00-04:00,1,0,170,5,3
2019-10-07T06:00:00-04:00,13,0,357,21,20
2019-10-07T07:00:00-04:00,47,13,1291,78,73
2019-10-07T08:00:00-04:00,152,26,1684,100,93
2019-10-07T09:00:00-04:00,148,31,1503,108,114
2019-10-07T10:00:00-04:00,228,66,1094,93,89
2019-10-07T11:00:00-04:00,370,112,827,66,63
2019-10-07T12:00:00-04:00,344,103,920,74,87
2019-10-07T13:00:00-04:00,323,94,982,68,74
2019-10-07T14:00:00-04:00,229,50,934,62,79
2019-10-07T15:00:00-04:00,268,55,1241,76,78
2019-10-07T16:00:00-04:00,172,63,1560,82,81
2019-10-07T17:00:00-04:00,206,49,1674,82,65
2019-10-07T18:00:00-04:00,157,30,1502,89,37
2019-10-07T19:00:00-04:00,27,0,849,35,12
2019-10-07T20:00:00-04:00,17,0,750,13,8
2019-10-07T21:00:00-04:00,12,0,590,13,6
2019-10-07T22:00:00-04:00,16,2,504,26,2
2019-10-07T23:00:00-04:00,1,0,313,15,6
2019-10-08T00:00:00-04:00,6,0,171,14,4
2019-10-08T01:00:00-04:00,1,0,91,5,3
2019-10-08T02:00:00-04:00,12,0,67,4,2
2019-10-08T03:00:00-04:00,0,0,79,0,0
2019-10-08T04:00:00-04:00,0,0,50,1,8
2019-10-08T05:00:00-04:00,3,0,155,4,6
2019-10-08T06:00:00-04:00,13,0,356,22,14
2019-10-08T07:00:00-04:00,108,7,1291,85,95
2019-10-08T08:00:00-04:00,168,23,1762,93,83
2019-10-08T09:00:00-04:00,367,96,1429,113,122
2019-10-08T10:00:00-04:00,363,122,1119,89,94
2019-10-08T11:00:00-04:00,207,42,922,62,88
2019-10-08T12:00:00-04:00,512,100,1049,60,97
2019-10-08T13:00:00-04:00,451,119,1074,61,112
2019-10-08T14:00:00-04:00,220,33,983,70,86
2019-10-08T15:00:00-04:00,507,113,1305,83,111
2019-10-08T16:00:00-04:00,448,106,1577,93,72
2019-10-08T17:00:00-04:00,311,58,1847,83,70
2019-10-08T18:00:00-04:00,273,25,1618,81,46
2019-10-08T19:00:00-04:00,27,1,995,28,10
2019-10-08T20:00:00-04:00,20,1,704,21,5
2019-10-08T21:00:00-04:00,14,1,679,22,2
2019-10-08T22:00:00-04:00,16,0,481,18,7
2019-10-08T23:00:00-04:00,7,0,320,9,6
2019-10-09T00:00:00-04:00,8,0,195,10,6
2019-10-09T01:00:00-04:00,4,0,136,3,2
2019-10-09T02:00:00-04:00,7,0,65,2,0
2019-10-09T03:00:00-04:00,0,0,54,1,1
2019-10-09T04:00:00-04:00,0,0,27,0,1
2019-10-09T05:00:00-04:00,0,0,125,3,5
2019-10-09T06:00:00-04:00,12,0,322,18,16
2019-10-09T07:00:00-04:00,161,14,1222,89,89
2019-10-09T08:00:00-04:00,207,15,1579,112,110
2019-10-09T09:00:00-04:00,173,32,1389,107,99
2019-10-09T10:00:00-04:00,322,76,976,87,97
2019-10-09T11:00:00-04:00,510,123,909,65,116
2019-10-09T12:00:00-04:00,431,79,1020,62,80
2019-10-09T13:00:00-04:00,191,35,993,59,85
2019-10-09T14:00:00-04:00,244,43,897,56,71
2019-10-09T15:00:00-04:00,279,104,1334,61,91
2019-10-09T16:00:00-04:00,171,62,1606,76,108
2019-10-09T17:00:00-04:00,182,33,1827,76,91
2019-10-09T18:00:00-04:00,224,57,1593,78,29
2019-10-09T19:00:00-04:00,53,0,935,26,8
2019-10-09T20:00:00-04:00,20,1,697,19,12
2019-10-09T21:00:00-04:00,8,0,652,16,11
2019-10-09T22:00:00-04:00,5,0,531,22,9
2019-10-09T23:00:00-04:00,11,0,344,14,8
2019-10-10T00:00:00-04:00,15,0,210,7,5
2019-10-10T01:00:00-04:00,6,0,127,4,2
2019-10-10T02:00:00-04:00,10,0,59,1,3
2019-10-10T03:00:00-04:00,0,0,66,0,0
2019-10-10T04:00:00-04:00,0,0,48,0,4
2019-10-10T05:00:00-04:00,2,0,169,5,4
2019-10-10T06:00:00-04:00,24,0,384,25,14
2019-10-10T07:00:00-04:00,162,6,1111,75,101
2019-10-10T08:00:00-04:00,201,24,1557,100,100
2019-10-10T09:00:00-04:00,144,22,1334,102,117
2019-10-10T10:00:00-04:00,207,45,728,85,89
2019-10-10T11:00:00-04:00,97,22,601,62,82
2019-10-10T12:00:00-04:00,219,50,1036,63,57
2019-10-10T13:00:00-04:00,133,29,998,54,84
2019-10-10T14:00:00-04:00,105,26,1023,64,91
2019-10-10T15:00:00-04:00,186,103,1233,57,88
2019-10-10T16:00:00-04:00,125,63,1565,64,75
2019-10-10T17:00:00-04:00,180,16,1983,84,72
2019-10-10T18:00:00-04:00,290,74,1736,78,43
2019-10-10T19:00:00-04:00,51,1,1092,29,18
2019-10-10T20:00:00-04:00,42,0,791,28,12
2019-10-10T21:00:00-04:00,32,0,611,18,5
2019-10-10T22:00:00-04:00,14,1,538,20,5
2019-10-10T23:00:00-04:00,20,0,365,14,5
2019-10-11T00:00:00-04:00,12,0,222,8,4
2019-10-11T01:00:00-04:00,11,0,171,1,2
2019-10-11T02:00:00-04:00,8,0,93,1,0
2019-10-11T03:00:00-04:00,0,0,81,1,1
2019-10-11T04:00:00-04:00,0,0,55,0,3
2019-10-11T05:00:00-04:00,4,0,177,10,5
2019-10-11T06:00:00-04:00,28,0,373,24,12
2019-10-11T07:00:00-04:00,165,28,991,76,79
2019-10-11T08:00:00-04:00,56,7,1510,87,110
2019-10-11T09:00:00-04:00,109,24,1159,91,109
2019-10-11T10:00:00-04:00,205,32,792,86,107
2019-10-11T11:00:00-04:00,278,78,846,66,88
2019-10-11T12:00:00-04:00,268,25,1135,60,96
2019-10-11T13:00:00-04:00,140,25,1170,53,68
2019-10-11T14:00:00-04:00,162,72,1163,48,61
2019-10-11T15:00:00-04:00,109,54,1277,48,63
2019-10-11T16:00:00-04:00,66,43,1751,60,80
2019-10-11T17:00:00-04:00,116,7,1876,63,66
2019-10-11T18:00:00-04:00,188,13,1323,82,40
2019-10-11T19:00:00-04:00,31,0,1004,37,8
2019-10-11T20:00:00-04:00,28,0,682,23,6
2019-10-11T21:00:00-04:00,28,2,586,30,10
2019-10-11T22:00:00-04:00,15,0,717,28,5
2019-10-11T23:00:00-04:00,7,0,443,23,7
2019-10-12T00:00:00-04:00,11,2,346,19,1
2019-10-12T01:00:00-04:00,11,0,225,13,3
2019-10-12T02:00:00-04:00,4,0,194,7,3
2019-10-12T03:00:00-04:00,2,0,93,1,2
2019-10-12T04:00:00-04:00,2,0,72,0,3
2019-10-12T05:00:00-04:00,0,0,53,1,0
2019-10-12T06:00:00-04:00,7,0,137,6,1
2019-10-12T07:00:00-04:00,49,0,357,19,13
2019-10-12T08:00:00-04:00,60,3,609,19,23
2019-10-12T09:00:00-04:00,215,86,828,20,26
2019-10-12T10:00:00-04:00,216,102,693,26,23
2019-10-12T11:00:00-04:00,174,37,624,31,27
2019-10-12T12:00:00-04:00,173,24,1020,32,32
2019-10-12T13:00:00-04:00,128,14,1025,29,20
2019-10-12T14:00:00-04:00,52,12,889,36,31
2019-10-12T15:00:00-04:00,104,18,921,27,24
2019-10-12T16:00:00-04:00,101,18,973,44,32
2019-10-12T17:00:00-04:00,140,22,902,49,23
2019-10-12T18:00:00-04:00,76,13,801,58,14
2019-10-12T19:00:00-04:00,30,1,734,23,4
2019-10-12T20:00:00-04:00,16,0,588,21,4
2019-10-12T21:00:00-04:00,15,0,487,24,5
2019-10-12T22:00:00-04:00,13,0,440,26,5
2019-10-12T23:00:00-04:00,8,0,408,19,5
2019-10-13T00:00:00-04:00,13,0,257,15,2
2019-10-13T01:00:00-04:00,15,1,231,19,6
2019-10-13T02:00:00-04:00,4,0,134,8,3
2019-10-13T03:00:00-04:00,4,0,100,0,1
2019-10-13T04:00:00-04:00,0,0,28,0,0
2019-10-13T05:00:00-04:00,0,0,38,0,0
2019-10-13T06:00:00-04:00,3,0,60,0,5
2019-10-13T07:00:00-04:00,47,0,164,6,2
2019-10-13T08:00:00-04:00,49,3,222,7,4
2019-10-13T09:00:00-04:00,98,1,336,13,10
2019-10-13T10:00:00-04:00,118,9,557,20,16
2019-10-13T11:00:00-04:00,99,12,671,21,13
2019-10-13T12:00:00-04:00,111,6,824,32,16
2019-10-13T13:00:00-04:00,70,9,843,24,20
2019-10-13T14:00:00-04:00,119,17,886,22,23
2019-10-13T15:00:00-04:00,81,14,819,24,17
2019-10-13T16:00:00-04:00,96,16,814,23,15
2019-10-13T17:00:00-04:00,126,12,842,31,13
2019-10-13T18:00:00-04:00,109,14,856,36,7
2019-10-13T19:00:00-04:00,16,0,680,9,10
2019-10-13T20:00:00-04:00,6,0,669,6,4
2019-10-13T21:00:00-04:00,8,0,518,3,2
2019-10-13T22:00:00-04:00,9,0,517,11,2
2019-10-13T23:00:00-04:00,7,0,320,2,1
2019-10-14T00:00:00-04:00,4,0,183,2,4
2019-10-14T01:00:00-04:00,0,0,147,6,0
2019-10-14T02:00:00-04:00,5,0,75,2,0
2019-10-14T03:00:00-04:00,0,0,67,0,0
2019-10-14T04:00:00-04:00,0,0,47,0,1
2019-10-14T05:00:00-04:00,1,0,142,3,2
2019-10-14T06:00:00-04:00,18,0,351,14,16
2019-10-14T07:00:00-04:00,136,3,1134,72,98
2019-10-14T08:00:00-04:00,62,8,1392,75,97
2019-10-14T09:00:00-04:00,116,20,1131,88,101
2019-10-14T10:00:00-04:00,177,24,726,89,82
2019-10-14T11:00:00-04:00,256,60,715,51,83
2019-10-14T12:00:00-04:00,173,53,897,58,58
2019-10-14T13:00:00-04:00,114,33,1068,55,74
2019-10-14T14:00:00-04:00,176,52,953,56,81
2019-10-14T15:00:00-04:00,159,92,1198,43,55
2019-10-14T16:00:00-04:00,69,43,1446,53,47
2019-10-14T17:00:00-04:00,159,21,1557,61,46
2019-10-14T18:00:00-04:00,187,22,1367,68,30
2019-10-14T19:00:00-04:00,22,0,882,23,19
2019-10-14T20:00:00-04:00,24,0,736,19,8
2019-10-14T21:00:00-04:00,14,0,706,22,5
2019-10-14T22:00:00-04:00,26,0,476,20,6
2019-10-14T23:00:00-04:00,11,0,326,17,4
2019-10-15T00:00:00-04:00,14,0,179,9,3
2019-10-15T01:00:00-04:00,4,0,117,4,3
2019-10-15T02:00:00-04:00,9,0,49,2,0
2019-10-15T03:00:00-04:00,0,0,78,1,2
2019-10-15T04:00:00-04:00,0,0,62,0,4
2019-10-15T05:00:00-04:00,1,0,167,6,5
2019-10-15T06:00:00-04:00,16,0,362,20,20
2019-10-15T07:00:00-04:00,143,7,1119,80,78
2019-10-15T08:00:00-04:00,88,10,1532,75,91
2019-10-15T09:00:00-04:00,156,32,1401,92,117
2019-10-15T10:00:00-04:00,186,31,652,81,88
2019-10-15T11:00:00-04:00,141,22,564,63,65
2019-10-15T12:00:00-04:00,288,60,881,59,66
2019-10-15T13:00:00-04:00,180,48,800,55,84
2019-10-15T14:00:00-04:00,82,7,811,60,72
2019-10-15T15:00:00-04:00,216,92,1200,70,96
2019-10-15T16:00:00-04:00,85,21,1608,58,69
2019-10-15T17:00:00-04:00,172,25,1900,85,88
2019-10-15T18:00:00-04:00,264,56,1573,74,35
2019-10-15T19:00:00-04:00,35,0,862,30,14
2019-10-15T20:00:00-04:00,30,1,683,14,5
2019-10-15T21:00:00-04:00,22,0,646,23,6
2019-10-15T22:00:00-04:00,6,0,467,25,11
2019-10-15T23:00:00-04:00,10,0,354,9,4
2019-10-16T00:00:00-04:00,11,0,246,8,8
2019-10-16T01:00:00-04:00,3,0,156,4,5
2019-10-16T02:00:00-04:00,2,0,73,2,3
2019-10-16T03:00:00-04:00,1,0,89,0,1
2019-10-16T04:00:00-04:00,0,0,43,0,2
2019-10-16T05:00:00-04:00,2,0,192,6,4
2019-10-16T06:00:00-04:00,11,0,387,20,12
2019-10-16T07:00:00-04:00,104,14,1267,83,76
2019-10-16T08:00:00-04:00,249,20,1732,106,108
2019-10-16T09:00:00-04:00,314,40,1567,89,111
2019-10-16T10:00:00-04:00,319,64,1053,120,109
2019-10-16T11:00:00-04:00,329,37,873,65,120
2019-10-16T12:00:00-04:00,258,31,1123,75,90
2019-10-16T13:00:00-04:00,326,31,1079,57,90
2019-10-16T14:00:00-04:00,212,16,974,70,89
2019-10-16T15:00:00-04:00,268,15,1256,74,82
2019-10-16T16:00:00-04:00,313,13,1478,86,90
2019-10-16T17:00:00-04:00,227,23,1660,76,76
2019-10-16T18:00:00-04:00,228,21,1441,67,48
2019-10-16T19:00:00-04:00,22,0,882,31,8
2019-10-16T20:00:00-04:00,15,0,793,22,8
2019-10-16T21:00:00-04:00,6,0,654,17,8
2019-10-16T22:00:00-04:00,34,0,563,18,6
2019-10-16T23:00:00-04:00,14,0,355,9,7
2019-10-17T00:00:00-04:00,24,0,206,7,4
2019-10-17T01:00:00-04:00,6,0,121,2,1
2019-10-17T02:00:00-04:00,6,0,74,1,2
2019-10-17T03:00:00-04:00,0,0,74,1,0
2019-10-17T04:00:00-04:00,1,0,45,0,3
2019-10-17T05:00:00-04:00,3,0,178,6,4
2019-10-17T06:00:00-04:00,6,0,315,22,12
2019-10-17T07:00:00-04:00,127,2,1188,84,50
2019-10-17T08:00:00-04:00,200,8,1676,96,105
2019-10-17T09:00:00-04:00,238,46,1601,101,141
2019-10-17T10:00:00-04:00,312,44,1083,94,122
2019-10-17T11:00:00-04:00,276,55,891,58,85
2019-10-17T12:00:00-04:00,416,92,1219,60,84
2019-10-17T13:00:00-04:00,440,75,1017,59,92
2019-10-17T14:00:00-04:00,224,33,1148,65,74
2019-10-17T15:00:00-04:00,525,85,1397,65,84
2019-10-17T16:00:00-04:00,376,70,1614,94,105
2019-10-17T17:00:00-04:00,251,11,2233,80,101
2019-10-17T18:00:00-04:00,235,31,1787,69,53
2019-10-17T19:00:00-04:00,44,0,1040,31,18
2019-10-17T20:00:00-04:00,17,0,838,26,10
2019-10-17T21:00:00-04:00,26,0,780,24,11
2019-10-17T22:00:00-04:00,25,0,611,21,12
2019-10-17T23:00:00-04:00,8,0,352,12,3
2019-10-18T00:00:00-04:00,12,2,231,8,3
2019-10-18T01:00:00-04:00,3,0,133,2,2
2019-10-18T02:00:00-04:00,8,0,85,2,0
2019-10-18T03:00:00-04:00,0,0,103,0,0
2019-10-18T04:00:00-04:00,1,0,53,0,1
2019-10-18T05:00:00-04:00,5,0,156,3,7
2019-10-18T06:00:00-04:00,6,0,354,23,13
2019-10-18T07:00:00-04:00,85,11,967,81,71
2019-10-18T08:00:00-04:00,61,3,1408,86,93
2019-10-18T09:00:00-04:00,148,33,1069,87,78
2019-10-18T10:00:00-04:00,207,46,963,87,109
2019-10-18T11:00:00-04:00,270,51,830,56,81
2019-10-18T12:00:00-04:00,319,46,1201,61,78
2019-10-18T13:00:00-04:00,161,24,1306,55,88
2019-10-18T14:00:00-04:00,209,55,1353,42,73
2019-10-18T15:00:00-04:00,136,76,1463,37,74
2019-10-18T16:00:00-04:00,99,19,2033,57,99
2019-10-18T17:00:00-04:00,172,7,2254,65,62
2019-10-18T18:00:00-04:00,179,29,1855,77,41
2019-10-18T19:00:00-04:00,38,1,1195,35,12
2019-10-18T20:00:00-04:00,35,0,916,26,7
2019-10-18T21:00:00-04:00,13,0,1052,24,16
2019-10-18T22:00:00-04:00,9,0,834,22,5
2019-10-18T23:00:00-04:00,5,0,641,18,10
2019-10-19T00:00:00-04:00,5,0,377,14,2
2019-10-19T01:00:00-04:00,2,1,264,11,5
2019-10-19T02:00:00-04:00,9,0,205,7,3
2019-10-19T03:00:00-04:00,2,0,88,2,2
2019-10-19T04:00:00-04:00,1,0,30,0,0
2019-10-19T05:00:00-04:00,0,0,36,1,0
2019-10-19T06:00:00-04:00,1,0,91,4,2
2019-10-19T07:00:00-04:00,73,0,292,15,17
2019-10-19T08:00:00-04:00,21,2,461,13,18
2019-10-19T09:00:00-04:00,29,2,575,18,19
2019-10-19T10:00:00-04:00,39,11,529,10,25
2019-10-19T11:00:00-04:00,104,13,964,15,35
2019-10-19T12:00:00-04:00,281,9,1850,37,37
2019-10-19T13:00:00-04:00,318,17,1857,37,38
2019-10-19T14:00:00-04:00,459,22,1653,48,50
2019-10-19T15:00:00-04:00,319,46,1230,33,45
2019-10-19T16:00:00-04:00,231,30,839,25,36
2019-10-19T17:00:00-04:00,320,40,1032,32,34
2019-10-19T18:00:00-04:00,256,36,1471,31,34
2019-10-19T19:00:00-04:00,159,4,1428,15,19
2019-10-19T20:00:00-04:00,55,3,1262,19,15
2019-10-19T21:00:00-04:00,12,0,992,20,8
2019-10-19T22:00:00-04:00,30,1,662,21,4
2019-10-19T23:00:00-04:00,17,11,529,13,4
2019-10-20T00:00:00-04:00,22,0,262,7,2
2019-10-20T01:00:00-04:00,9,0,202,15,4
2019-10-20T02:00:00-04:00,9,0,114,6,7
2019-10-20T03:00:00-04:00,3,0,82,0,1
2019-10-20T04:00:00-04:00,1,0,30,0,0
2019-10-20T05:00:00-04:00,4,1,31,0,0
2019-10-20T06:00:00-04:00,0,0,24,0,0
2019-10-20T07:00:00-04:00,2,0,75,4,3
2019-10-20T08:00:00-04:00,0,0,175,8,13
2019-10-20T09:00:00-04:00,33,0,441,15,9
2019-10-20T10:00:00-04:00,41,1,802,24,16
2019-10-20T11:00:00-04:00,38,0,831,22,5
2019-10-20T12:00:00-04:00,62,0,979,27,21
2019-10-20T13:00:00-04:00,63,1,939,27,18
2019-10-20T14:00:00-04:00,99,0,821,30,30
2019-10-20T15:00:00-04:00,93,0,778,23,24
2019-10-20T16:00:00-04:00,123,0,673,31,22
2019-10-20T17:00:00-04:00,136,0,689,26,20
2019-10-20T18:00:00-04:00,83,0,539,24,11
2019-10-20T19:00:00-04:00,1,0,362,5,4
2019-10-20T20:00:00-04:00,3,0,377,3,0
2019-10-20T21:00:00-04:00,4,1,325,5,1
2019-10-20T22:00:00-04:00,1,4,424,6,1
2019-10-20T23:00:00-04:00,3,2,240,4,0
2019-10-21T00:00:00-04:00,1,2,141,4,1
2019-10-21T01:00:00-04:00,3,0,92,2,0
2019-10-21T02:00:00-04:00,2,0,61,4,2
2019-10-21T03:00:00-04:00,0,0,55,1,0
2019-10-21T04:00:00-04:00,0,0,25,0,3
2019-10-21T05:00:00-04:00,0,0,169,5,3
2019-10-21T06:00:00-04:00,7,0,322,17,10
2019-10-21T07:00:00-04:00,87,4,1132,69,68
2019-10-21T08:00:00-04:00,215,19,1672,100,91
2019-10-21T09:00:00-04:00,217,36,1447,99,98
2019-10-21T10:00:00-04:00,178,51,754,80,86
2019-10-21T11:00:00-04:00,253,49,592,52,66
2019-10-21T12:00:00-04:00,169,40,766,53,54
2019-10-21T13:00:00-04:00,92,38,837,43,63
2019-10-21T14:00:00-04:00,145,28,776,55,71
2019-10-21T15:00:00-04:00,140,61,1021,45,73
2019-10-21T16:00:00-04:00,42,16,1433,42,48
2019-10-21T17:00:00-04:00,217,31,1600,67,58
2019-10-21T18:00:00-04:00,183,25,1579,62,35
2019-10-21T19:00:00-04:00,41,0,813,28,9
2019-10-21T20:00:00-04:00,23,1,730,19,7
2019-10-21T21:00:00-04:00,25,6,650,20,5
2019-10-21T22:00:00-04:00,17,1,436,24,7
2019-10-21T23:00:00-04:00,11,5,368,17,4
2019-10-22T00:00:00-04:00,7,2,198,10,1
2019-10-22T01:00:00-04:00,1,0,125,7,4
2019-10-22T02:00:00-04:00,5,1,76,4,1
2019-10-22T03:00:00-04:00,1,0,73,0,0
2019-10-22T04:00:00-04:00,0,0,52,0,1
2019-10-22T05:00:00-04:00,0,0,192,5,6
2019-10-22T06:00:00-04:00,7,0,352,17,9
2019-10-22T07:00:00-04:00,92,2,1145,69,71
2019-10-22T08:00:00-04:00,184,31,1787,97,79
2019-10-22T09:00:00-04:00,291,54,1570,105,121
2019-10-22T10:00:00-04:00,346,70,1180,91,106
2019-10-22T11:00:00-04:00,236,20,920,60,88
2019-10-22T12:00:00-04:00,423,78,1019,65,77
2019-10-22T13:00:00-04:00,463,83,1064,61,92
2019-10-22T14:00:00-04:00,206,14,899,73,89
2019-10-22T15:00:00-04:00,327,51,1236,74,104
2019-10-22T16:00:00-04:00,294,32,1427,84,84
2019-10-22T17:00:00-04:00,230,15,1671,71,67
2019-10-22T18:00:00-04:00,104,5,1181,57,29
2019-10-22T19:00:00-04:00,0,0,512,15,7
2019-10-22T20:00:00-04:00,8,0,531,12,5
2019-10-22T21:00:00-04:00,7,0,479,11,5
2019-10-22T22:00:00-04:00,5,3,369,11,6
2019-10-22T23:00:00-04:00,10,0,231,5,2
2019-10-23T00:00:00-04:00,5,0,217,4,2
2019-10-23T01:00:00-04:00,0,0,115,1,1
2019-10-23T02:00:00-04:00,0,3,65,1,1
2019-10-23T03:00:00-04:00,0,0,78,0,4
2019-10-23T04:00:00-04:00,0,0,63,0,3
2019-10-23T05:00:00-04:00,2,0,171,5,5
2019-10-23T06:00:00-04:00,8,1,365,15,12
2019-10-23T07:00:00-04:00,153,7,1176,72,90
2019-10-23T08:00:00-04:00,71,32,1673,82,99
2019-10-23T09:00:00-04:00,66,16,1233,97,92
2019-10-23T10:00:00-04:00,141,42,677,77,76
2019-10-23T11:00:00-04:00,231,50,629,54,88
2019-10-23T12:00:00-04:00,177,30,725,51,84
2019-10-23T13:00:00-04:00,135,34,901,48,64
2019-10-23T14:00:00-04:00,207,41,853,64,82
2019-10-23T15:00:00-04:00,142,42,1023,35,58
2019-10-23T16:00:00-04:00,38,22,1499,52,68
2019-10-23T17:00:00-04:00,233,27,1714,69,78
2019-10-23T18:00:00-04:00,218,26,1607,67,39
2019-10-23T19:00:00-04:00,30,0,1197,35,18
2019-10-23T20:00:00-04:00,26,1,1092,20,17
2019-10-23T21:00:00-04:00,16,2,967,34,11
2019-10-23T22:00:00-04:00,13,0,643,27,9
2019-10-23T23:00:00-04:00,10,0,366,19,6
2019-10-24T00:00:00-04:00,8,0,248,11,3
2019-10-24T01:00:00-04:00,6,0,177,2,3
2019-10-24T02:00:00-04:00,4,0,68,3,1
2019-10-24T03:00:00-04:00,3,0,83,1,1
2019-10-24T04:00:00-04:00,1,0,69,0,3
2019-10-24T05:00:00-04:00,3,0,184,7,3
2019-10-24T06:00:00-04:00,4,0,420,23,24
2019-10-24T07:00:00-04:00,118,8,1139,88,112
2019-10-24T08:00:00-04:00,47,7,1542,92,123
2019-10-24T09:00:00-04:00,111,17,1321,102,96
2019-10-24T10:00:00-04:00,149,34,667,80,82
2019-10-24T11:00:00-04:00,64,24,523,45,58
2019-10-24T12:00:00-04:00,193,51,774,59,57
2019-10-24T13:00:00-04:00,140,23,861,48,80
2019-10-24T14:00:00-04:00,78,5,805,46,69
2019-10-24T15:00:00-04:00,168,65,1179,46,70
2019-10-24T16:00:00-04:00,56,22,1463,63,58
2019-10-24T17:00:00-04:00,165,21,1745,75,62
2019-10-24T18:00:00-04:00,217,40,1876,71,41
2019-10-24T19:00:00-04:00,42,4,1092,36,19
2019-10-24T20:00:00-04:00,18,1,1126,26,25
2019-10-24T21:00:00-04:00,20,0,914,27,21
2019-10-24T22:00:00-04:00,15,0,653,26,8
2019-10-24T23:00:00-04:00,12,0,390,14,5
2019-10-25T00:00:00-04:00,7,0,238,7,6
2019-10-25T01:00:00-04:00,7,0,171,6,1
2019-10-25T02:00:00-04:00,6,0,104,4,1
2019-10-25T03:00:00-04:00,0,0,101,1,2
2019-10-25T04:00:00-04:00,0,0,64,0,4
2019-10-25T05:00:00-04:00,3,0,188,8,7
2019-10-25T06:00:00-04:00,5,0,343,19,13
2019-10-25T07:00:00-04:00,132,6,853,68,56
2019-10-25T08:00:00-04:00,215,19,1450,90,81
2019-10-25T09:00:00-04:00,342,59,1330,87,93
2019-10-25T10:00:00-04:00,363,39,1065,88,104
2019-10-25T11:00:00-04:00,430,81,1060,61,91
2019-10-25T12:00:00-04:00,517,99,1261,64,84
2019-10-25T13:00:00-04:00,448,107,1227,53,84
2019-10-25T14:00:00-04:00,338,82,1205,71,86
2019-10-25T15:00:00-04:00,299,67,1496,68,67
2019-10-25T16:00:00-04:00,282,43,1693,87,63
2019-10-25T17:00:00-04:00,241,29,1810,75,53
2019-10-25T18:00:00-04:00,81,14,1215,63,20
2019-10-25T19:00:00-04:00,28,6,833,34,15
2019-10-25T20:00:00-04:00,5,0,670,24,9
2019-10-25T21:00:00-04:00,25,0,599,28,8
2019-10-25T22:00:00-04:00,12,0,568,28,4
2019-10-25T23:00:00-04:00,4,0,455,16,10
2019-10-26T00:00:00-04:00,14,0,299,15,2
2019-10-26T01:00:00-04:00,6,0,247,8,6
2019-10-26T02:00:00-04:00,15,1,164,5,5
2019-10-26T03:00:00-04:00,2,0,59,0,2
2019-10-26T04:00:00-04:00,3,0,41,2,2
2019-10-26T05:00:00-04:00,0,0,51,2,0
2019-10-26T06:00:00-04:00,1,0,123,3,2
2019-10-26T07:00:00-04:00,30,0,632,14,15
2019-10-26T08:00:00-04:00,73,1,1136,17,28
2019-10-26T09:00:00-04:00,79,7,862,23,29
2019-10-26T10:00:00-04:00,75,6,875,23,19
2019-10-26T11:00:00-04:00,90,14,915,29,23
2019-10-26T12:00:00-04:00,78,6,1131,32,33
2019-10-26T13:00:00-04:00,143,16,1375,35,34
2019-10-26T14:00:00-04:00,137,25,1105,33,25
2019-10-26T15:00:00-04:00,131,16,1024,31,19
2019-10-26T16:00:00-04:00,102,28,998,30,17
2019-10-26T17:00:00-04:00,78,13,886,42,24
2019-10-26T18:00:00-04:00,87,5,948,34,9
2019-10-26T19:00:00-04:00,7,0,578,21,4
2019-10-26T20:00:00-04:00,12,0,603,24,4
2019-10-26T21:00:00-04:00,17,0,537,12,5
2019-10-26T22:00:00-04:00,4,0,395,17,5
2019-10-26T23:00:00-04:00,3,0,311,12,0
2019-10-27T00:00:00-04:00,8,1,291,7,2
2019-10-27T01:00:00-04:00,4,0,277,14,1
2019-10-27T02:00:00-04:00,2,0,178,3,1
2019-10-27T03:00:00-04:00,5,0,70,0,0
2019-10-27T04:00:00-04:00,0,0,26,0,0
2019-10-27T05:00:00-04:00,0,0,14,0,0
2019-10-27T06:00:00-04:00,0,0,24,0,0
2019-10-27T07:00:00-04:00,18,0,61,3,4
2019-10-27T08:00:00-04:00,43,0,120,7,9
2019-10-27T09:00:00-04:00,52,0,229,11,10
2019-10-27T10:00:00-04:00,67,11,424,25,15
2019-10-27T11:00:00-04:00,113,1,570,25,21
2019-10-27T12:00:00-04:00,153,2,631,26,17
2019-10-27T13:00:00-04:00,55,10,658,21,16
2019-10-27T14:00:00-04:00,13,2,616,15,16
2019-10-27T15:00:00-04:00,38,14,709,16,22
2019-10-27T16:00:00-04:00,7,4,622,17,18
2019-10-27T17:00:00-04:00,36,2,758,23,11
2019-10-27T18:00:00-04:00,43,9,1010,28,10
2019-10-27T19:00:00-04:00,11,0,681,8,4
2019-10-27T20:00:00-04:00,0,0,0,0,0
2019-10-27T21:00:00-04:00,0,0,0,0,0
2019-10-27T22:00:00-04:00,0,0,0,0,0
2019-10-27T23:00:00-04:00,0,0,0,0,0
2019-10-28T00:00:00-04:00,0,0,0,0,0
2019-10-28T01:00:00-04:00,0,0,0,0,0
2019-10-28T02:00:00-04:00,0,0,0,0,0
2019-10-28T03:00:00-04:00,0,0,0,0,0
2019-10-28T04:00:00-04:00,0,0,0,0,0
2019-10-28T05:00:00-04:00,0,0,0,0,0
2019-10-28T06:00:00-04:00,0,0,0,0,0
2019-10-28T07:00:00-04:00,0,0,0,0,0
2019-10-28T08:00:00-04:00,0,0,0,0,0
2019-10-28T09:00:00-04:00,0,0,0,0,0
2019-10-28T10:00:00-04:00,0,0,0,0,0
2019-10-28T11:00:00-04:00,0,0,0,0,0
2019-10-28T12:00:00-04:00,0,0,0,0,0
2019-10-28T13:00:00-04:00,0,0,0,0,0
2019-10-28T14:00:00-04:00,0,0,0,0,0
2019-10-28T15:00:00-04:00,0,0,0,0,0
2019-10-28T16:00:00-04:00,0,0,0,0,0
2019-10-28T17:00:00-04:00,0,0,0,0,0
2019-10-28T18:00:00-04:00,0,0,0,0,0
2019-10-28T19:00:00-04:00,3,0,27,0,0
2019-10-28T20:00:00-04:00,14,0,789,19,21
2019-10-28T21:00:00-04:00,21,0,728,14,8
2019-10-28T22:00:00-04:00,8,0,469,21,6
2019-10-28T23:00:00-04:00,17,0,335,14,7
2019-10-29T00:00:00-04:00,11,0,175,9,4
2019-10-29T01:00:00-04:00,3,0,136,4,2
2019-10-29T02:00:00-04:00,3,0,81,4,4
2019-10-29T03:00:00-04:00,0,0,95,0,2
2019-10-29T04:00:00-04:00,0,0,48,0,3
2019-10-29T05:00:00-04:00,3,0,216,5,6
2019-10-29T06:00:00-04:00,15,0,395,21,10
2019-10-29T07:00:00-04:00,93,10,1283,66,72
2019-10-29T08:00:00-04:00,206,22,1819,85,109
2019-10-29T09:00:00-04:00,401,47,1656,96,124
2019-10-29T10:00:00-04:00,402,82,1014,98,117
2019-10-29T11:00:00-04:00,219,32,874,60,90
2019-10-29T12:00:00-04:00,445,79,1143,60,119
2019-10-29T13:00:00-04:00,439,106,1061,55,107
2019-10-29T14:00:00-04:00,187,28,900,65,72
2019-10-29T15:00:00-04:00,438,109,1339,70,94
2019-10-29T16:00:00-04:00,416,107,1682,91,76
2019-10-29T17:00:00-04:00,295,45,1976,81,53
2019-10-29T18:00:00-04:00,143,22,1649,69,35
2019-10-29T19:00:00-04:00,28,0,905,28,15
2019-10-29T20:00:00-04:00,10,0,1060,16,15
2019-10-29T21:00:00-04:00,22,0,593,19,6
2019-10-29T22:00:00-04:00,10,0,452,20,5
2019-10-29T23:00:00-04:00,15,0,322,12,5
2019-10-30T00:00:00-04:00,12,0,242,10,4
2019-10-30T01:00:00-04:00,4,0,152,5,1
2019-10-30T02:00:00-04:00,13,0,60,0,3
2019-10-30T03:00:00-04:00,0,0,91,1,2
2019-10-30T04:00:00-04:00,2,0,59,1,3
2019-10-30T05:00:00-04:00,2,0,174,10,6
2019-10-30T06:00:00-04:00,8,0,320,16,10
2019-10-30T07:00:00-04:00,103,9,1272,71,82
2019-10-30T08:00:00-04:00,321,46,1829,93,132
2019-10-30T09:00:00-04:00,333,58,1516,99,139
2019-10-30T10:00:00-04:00,396,75,980,93,113
2019-10-30T11:00:00-04:00,510,87,1013,53,131
2019-10-30T12:00:00-04:00,376,82,1031,62,98
2019-10-30T13:00:00-04:00,456,90,1127,56,84
2019-10-30T14:00:00-04:00,390,60,1066,79,108
2019-10-30T15:00:00-04:00,388,83,1362,70,91
2019-10-30T16:00:00-04:00,326,57,1757,81,87
2019-10-30T17:00:00-04:00,303,42,2055,76,73
2019-10-30T18:00:00-04:00,45,2,1253,50,49
2019-10-30T19:00:00-04:00,0,0,767,23,25
2019-10-30T20:00:00-04:00,0,0,383,9,13
2019-10-30T21:00:00-04:00,1,0,396,8,15
2019-10-30T22:00:00-04:00,1,0,605,9,21
2019-10-30T23:00:00-04:00,2,0,234,6,6
2019-10-31T00:00:00-04:00,0,0,138,2,4
2019-10-31T01:00:00-04:00,0,0,109,1,2
2019-10-31T02:00:00-04:00,0,0,76,1,1
2019-10-31T03:00:00-04:00,0,0,46,0,0
2019-10-31T04:00:00-04:00,0,0,46,0,2
2019-10-31T05:00:00-04:00,0,0,87,5,3
2019-10-31T06:00:00-04:00,1,0,202,18,5
2019-10-31T07:00:00-04:00,113,2,877,64,68
2019-10-31T08:00:00-04:00,224,1,1693,91,95
2019-10-31T09:00:00-04:00,410,46,1678,113,141
2019-10-31T10:00:00-04:00,440,58,1185,93,137
2019-10-31T11:00:00-04:00,235,36,994,56,111
2019-10-31T12:00:00-04:00,407,55,1255,75,101
2019-10-31T13:00:00-04:00,375,65,1053,78,134
2019-10-31T14:00:00-04:00,306,42,1134,77,104
2019-10-31T15:00:00-04:00,498,91,1479,82,131
2019-10-31T16:00:00-04:00,379,63,1649,73,104
2019-10-31T17:00:00-04:00,205,35,1866,89,92
2019-10-31T18:00:00-04:00,120,11,1468,50,39
2019-10-31T19:00:00-04:00,28,0,789,22,8
2019-10-31T20:00:00-04:00,7,0,579,16,12
2019-10-31T21:00:00-04:00,3,0,281,8,3
2019-10-31T22:00:00-04:00,0,0,263,7,5
2019-10-31T23:00:00-04:00,2,0,171,1,1
2019-11-01T00:00:00-04:00,0,0,138,0,2
2019-11-01T01:00:00-04:00,1,0,146,0,0
2019-11-01T02:00:00-04:00,0,0,156,2,0
2019-11-01T03:00:00-04:00,3,0,108,0,0
2019-11-01T04:00:00-04:00,4,0,56,1,0
2019-11-01T05:00:00-04:00,2,0,149,4,3
2019-11-01T06:00:00-04:00,2,0,323,16,11
2019-11-01T07:00:00-04:00,35,3,837,66,50
2019-11-01T08:00:00-04:00,60,10,1526,89,112
2019-11-01T09:00:00-04:00,177,26,1264,84,74
2019-11-01T10:00:00-04:00,362,44,1258,100,138
2019-11-01T11:00:00-04:00,335,68,998,47,85
2019-11-01T12:00:00-04:00,253,34,1125,63,98
2019-11-01T13:00:00-04:00,103,23,1068,54,85
2019-11-01T14:00:00-04:00,161,21,1146,61,70
2019-11-01T15:00:00-04:00,117,34,1374,40,62
2019-11-01T16:00:00-04:00,46,10,1694,58,56
2019-11-01T17:00:00-04:00,153,24,1930,72,62
2019-11-01T18:00:00-04:00,89,3,2052,62,37
2019-11-01T19:00:00-04:00,40,0,1468,35,18
2019-11-01T20:00:00-04:00,28,0,1023,24,14
2019-11-01T21:00:00-04:00,74,0,1335,27,21
2019-11-01T22:00:00-04:00,14,0,799,23,13
2019-11-01T23:00:00-04:00,19,0,616,19,8
2019-11-02T00:00:00-04:00,7,0,387,8,8
2019-11-02T01:00:00-04:00,11,0,331,9,8
2019-11-02T02:00:00-04:00,14,0,216,5,5
2019-11-02T03:00:00-04:00,1,0,129,0,2
2019-11-02T04:00:00-04:00,1,0,88,0,2
2019-11-02T05:00:00-04:00,0,0,93,1,6
2019-11-02T06:00:00-04:00,4,0,163,3,0
2019-11-02T07:00:00-04:00,72,0,444,13,42
2019-11-02T08:00:00-04:00,48,0,1141,20,41
2019-11-02T09:00:00-04:00,175,2,2141,32,52
2019-11-02T10:00:00-04:00,431,12,2292,32,91
2019-11-02T11:00:00-04:00,443,51,1748,33,55
2019-11-02T12:00:00-04:00,472,6,1171,28,37
2019-11-02T13:00:00-04:00,199,3,1134,25,29
2019-11-02T14:00:00-04:00,433,42,1633,28,45
2019-11-02T15:00:00-04:00,859,199,2613,45,83
2019-11-02T16:00:00-04:00,153,14,2054,41,96
2019-11-02T17:00:00-04:00,101,12,1521,34,33
2019-11-02T18:00:00-04:00,161,13,1384,32,13
2019-11-02T19:00:00-04:00,25,0,1216,18,10
2019-11-02T20:00:00-04:00,18,1,1072,9,7
2019-11-02T21:00:00-04:00,10,0,818,18,11
2019-11-02T22:00:00-04:00,6,0,623,20,6
2019-11-02T23:00:00-04:00,16,0,542,15,6
2019-11-03T00:00:00-04:00,4,0,401,8,2
2019-11-03T01:00:00-04:00,12,0,274,11,7
2019-11-03T02:00:00-04:00,7,0,284,3,5
2019-11-03T03:00:00-04:00,1,0,115,0,0
2019-11-03T04:00:00-04:00,3,0,52,0,0
2019-11-03T05:00:00-04:00,0,0,32,1,1
2019-11-03T06:00:00-04:00,1,0,33,0,1
2019-11-03T07:00:00-04:00,17,1,62,0,2
2019-11-03T08:00:00-04:00,11,0,150,1,3
2019-11-03T09:00:00-04:00,50,0,265,9,10
2019-11-03T10:00:00-04:00,31,1,356,13,15
2019-11-03T11:00:00-04:00,27,10,401,17,8
2019-11-03T12:00:00-04:00,45,9,575,20,15
2019-11-03T13:00:00-04:00,11,3,673,18,14
2019-11-03T14:00:00-04:00,45,8,775,22,21
2019-11-03T15:00:00-04:00,39,10,797,19,24
2019-11-03T16:00:00-04:00,10,5,598,11,21
2019-11-03T17:00:00-04:00,79,9,812,18,14
2019-11-03T18:00:00-04:00,79,4,1032,18,13
2019-11-03T19:00:00-04:00,20,0,696,13,7
2019-11-03T20:00:00-04:00,26,0,674,6,5
2019-11-03T21:00:00-04:00,8,0,626,6,7
2019-11-03T22:00:00-04:00,13,0,459,8,5
2019-11-03T23:00:00-04:00,9,0,511,10,7
2019-11-04T00:00:00-04:00,14,1,278,6,5
2019-11-04T01:00:00-04:00,6,1,225,8,4
2019-11-04T02:00:00-04:00,4,0,140,1,1
2019-11-04T03:00:00-04:00,3,0,68,1,1
2019-11-04T04:00:00-04:00,0,0,84,0,2
2019-11-04T05:00:00-04:00,1,0,59,0,1
2019-11-04T06:00:00-04:00,1,0,168,5,4
2019-11-04T07:00:00-04:00,23,3,402,28,41
2019-11-04T08:00:00-04:00,33,5,1034,64,94
2019-11-04T09:00:00-04:00,146,15,1560,87,113
2019-11-04T10:00:00-04:00,154,16,1213,102,115
2019-11-04T11:00:00-04:00,178,31,664,72,101
2019-11-04T12:00:00-04:00,231,25,633,41,81
2019-11-04T13:00:00-04:00,182,22,1013,67,82
2019-11-04T14:00:00-04:00,246,36,811,41,72
2019-11-04T15:00:00-04:00,195,67,881,68,86
2019-11-04T16:00:00-04:00,177,52,1154,73,87
2019-11-04T17:00:00-04:00,225,46,1491,85,73
2019-11-04T18:00:00-04:00,152,14,1760,55,36
2019-11-04T19:00:00-04:00,51,0,1480,43,25
2019-11-04T20:00:00-04:00,30,0,1082,26,15
2019-11-04T21:00:00-04:00,19,0,795,21,9
2019-11-04T22:00:00-04:00,10,1,821,24,3
2019-11-04T23:00:00-04:00,3,0,484,22,9
2019-11-05T00:00:00-04:00,23,0,311,10,5
2019-11-05T01:00:00-04:00,12,0,266,7,7
2019-11-05T02:00:00-04:00,1,0,126,2,1
2019-11-05T03:00:00-04:00,10,0,51,6,3
2019-11-05T04:00:00-04:00,1,0,90,1,2
2019-11-05T05:00:00-04:00,0,0,63,0,5
2019-11-05T06:00:00-04:00,2,0,206,7,10
2019-11-05T07:00:00-04:00,39,5,462,39,41
2019-11-05T08:00:00-04:00,64,1,1366,69,105
2019-11-05T09:00:00-04:00,132,3,1762,84,116
2019-11-05T10:00:00-04:00,297,40,1640,113,151
2019-11-05T11:00:00-04:00,523,116,1225,100,116
2019-11-05T12:00:00-04:00,280,39,986,61,108
2019-11-05T13:00:00-04:00,493,73,1183,66,94
2019-11-05T14:00:00-04:00,495,82,1139,61,98
2019-11-05T15:00:00-04:00,193,40,1071,62,104
2019-11-05T16:00:00-04:00,75,10,1288,76,93
2019-11-05T17:00:00-04:00,335,74,1596,85,89
2019-11-05T18:00:00-04:00,193,19,2085,52,45
2019-11-05T19:00:00-04:00,40,0,2078,45,36
2019-11-05T20:00:00-04:00,51,0,1495,46,20
2019-11-05T21:00:00-04:00,35,0,891,22,9
2019-11-05T22:00:00-04:00,70,1,1411,18,29
2019-11-05T23:00:00-04:00,13,0,676,26,10
2019-11-06T00:00:00-04:00,14,0,388,14,8
2019-11-06T01:00:00-04:00,11,1,307,9,7
2019-11-06T02:00:00-04:00,1,0,160,3,2
2019-11-06T03:00:00-04:00,5,0,91,5,2
2019-11-06T04:00:00-04:00,1,0,84,2,2
2019-11-06T05:00:00-04:00,0,0,58,0,1
2019-11-06T06:00:00-04:00,2,0,218,7,4
2019-11-06T07:00:00-04:00,83,2,436,40,21
2019-11-06T08:00:00-04:00,70,4,1124,67,97
2019-11-06T09:00:00-04:00,160,25,1650,95,127
2019-11-06T10:00:00-04:00,242,23,1259,96,115
2019-11-06T11:00:00-04:00,208,22,752,82,109
2019-11-06T12:00:00-04:00,306,33,774,53,72
2019-11-06T13:00:00-04:00,207,22,933,54,103
2019-11-06T14:00:00-04:00,282,22,922,67,92
2019-11-06T15:00:00-04:00,208,44,853,44,79
2019-11-06T16:00:00-04:00,27,13,918,39,63
2019-11-06T17:00:00-04:00,249,26,1502,85,59
2019-11-06T18:00:00-04:00,180,27,1750,66,47
2019-11-06T19:00:00-04:00,35,0,1446,43,19
2019-11-06T20:00:00-04:00,32,2,1064,30,15
2019-11-06T21:00:00-04:00,30,0,822,19,8
2019-11-06T22:00:00-04:00,13,1,660,20,7
2019-11-06T23:00:00-04:00,26,0,655,26,16
2019-11-07T00:00:00-04:00,17,0,394,20,3
2019-11-07T01:00:00-04:00,13,0,214,12,5
2019-11-07T02:00:00-04:00,2,0,138,6,6
2019-11-07T03:00:00-04:00,14,0,47,3,2
2019-11-07T04:00:00-04:00,1,0,76,1,1
2019-11-07T05:00:00-04:00,0,0,71,1,3
2019-11-07T06:00:00-04:00,11,0,164,3,2
2019-11-07T07:00:00-04:00,10,1,405,35,34
2019-11-07T08:00:00-04:00,106,7,1230,82,91
2019-11-07T09:00:00-04:00,124,16,1652,95,80
2019-11-07T10:00:00-04:00,374,55,1556,117,146
2019-11-07T11:00:00-04:00,383,66,1183,97,147
2019-11-07T12:00:00-04:00,321,75,1059,62,96
2019-11-07T13:00:00-04:00,547,90,1135,64,132
2019-11-07T14:00:00-04:00,495,94,1114,60,101
2019-11-07T15:00:00-04:00,341,57,1078,59,90
2019-11-07T16:00:00-04:00,438,63,1475,74,73
2019-11-07T17:00:00-04:00,400,47,1599,79,67
2019-11-07T18:00:00-04:00,17,0,1172,43,56
2019-11-07T19:00:00-04:00,2,0,822,36,46
2019-11-07T20:00:00-04:00,0,0,580,29,23
2019-11-07T21:00:00-04:00,1,0,444,11,5
2019-11-07T22:00:00-04:00,2,1,397,9,12
2019-11-07T23:00:00-04:00,4,0,453,11,7
2019-11-08T00:00:00-04:00,10,2,314,9,11
2019-11-08T01:00:00-04:00,9,0,197,6,4
2019-11-08T02:00:00-04:00,5,0,165,3,1
2019-11-08T03:00:00-04:00,5,0,112,1,3
2019-11-08T04:00:00-04:00,0,0,97,0,0
2019-11-08T05:00:00-04:00,0,0,64,2,4
2019-11-08T06:00:00-04:00,3,0,200,7,5
2019-11-08T07:00:00-04:00,4,0,419,39,51
2019-11-08T08:00:00-04:00,23,2,990,71,66
2019-11-08T09:00:00-04:00,113,2,1386,80,98
2019-11-08T10:00:00-04:00,218,15,1277,91,73
2019-11-08T11:00:00-04:00,247,53,1019,82,102
2019-11-08T12:00:00-04:00,416,58,1111,62,96
2019-11-08T13:00:00-04:00,302,53,1396,55,80
2019-11-08T14:00:00-04:00,329,67,1392,54,101
2019-11-08T15:00:00-04:00,278,87,1426,84,101
2019-11-08T16:00:00-04:00,182,38,1684,67,76
2019-11-08T17:00:00-04:00,231,31,2066,80,91
2019-11-08T18:00:00-04:00,90,1,1519,55,29
2019-11-08T19:00:00-04:00,29,0,1126,44,11
2019-11-08T20:00:00-04:00,21,0,931,39,15
2019-11-08T21:00:00-04:00,13,0,822,36,8
2019-11-08T22:00:00-04:00,16,0,630,28,13
2019-11-08T23:00:00-04:00,6,0,632,31,8
2019-11-09T00:00:00-04:00,16,1,476,19,6
2019-11-09T01:00:00-04:00,4,2,314,15,7
2019-11-09T02:00:00-04:00,9,0,254,8,3
2019-11-09T03:00:00-04:00,3,2,199,6,4
2019-11-09T04:00:00-04:00,1,0,67,0,3
2019-11-09T05:00:00-04:00,0,0,49,1,1
2019-11-09T06:00:00-04:00,2,0,48,0,1
2019-11-09T07:00:00-04:00,5,2,324,6,6
2019-11-09T08:00:00-04:00,15,3,498,23,30
2019-11-09T09:00:00-04:00,59,0,688,17,20
2019-11-09T10:00:00-04:00,34,4,736,24,34
2019-11-09T11:00:00-04:00,20,1,522,24,23
2019-11-09T12:00:00-04:00,98,20,895,33,32
2019-11-09T13:00:00-04:00,115,19,1020,32,26
2019-11-09T14:00:00-04:00,109,33,893,32,23
2019-11-09T15:00:00-04:00,104,21,910,30,34
2019-11-09T16:00:00-04:00,115,22,1034,27,25
2019-11-09T17:00:00-04:00,119,23,1049,30,18
2019-11-09T18:00:00-04:00,109,22,1063,23,29
2019-11-09T19:00:00-04:00,16,1,1330,18,21
2019-11-09T20:00:00-04:00,24,0,1501,20,15
2019-11-09T21:00:00-04:00,26,0,1536,20,7
2019-11-09T22:00:00-04:00,28,0,784,14,11
2019-11-09T23:00:00-04:00,25,1,751,17,5
2019-11-10T00:00:00-04:00,104,14,1467,16,20
2019-11-10T01:00:00-04:00,4,0,502,17,4
2019-11-10T02:00:00-04:00,1,0,301,14,5
2019-11-10T03:00:00-04:00,3,0,210,8,4
2019-11-10T04:00:00-04:00,5,0,100,1,0
2019-11-10T05:00:00-04:00,0,0,36,0,0
2019-11-10T06:00:00-04:00,0,0,40,0,0
2019-11-10T07:00:00-04:00,1,0,173,2,1
2019-11-10T08:00:00-04:00,23,9,297,6,12
2019-11-10T09:00:00-04:00,113,9,361,10,6
2019-11-10T10:00:00-04:00,36,1,464,12,14
2019-11-10T11:00:00-04:00,46,12,532,20,13
2019-11-10T12:00:00-04:00,240,7,609,19,16
2019-11-10T13:00:00-04:00,255,13,1072,27,18
2019-11-10T14:00:00-04:00,173,23,1154,23,32
2019-11-10T15:00:00-04:00,160,29,1619,29,39
2019-11-10T16:00:00-04:00,149,16,1327,24,29
2019-11-10T17:00:00-04:00,144,10,1228,36,19
2019-11-10T18:00:00-04:00,171,37,1821,17,27
2019-11-10T19:00:00-04:00,10,0,977,12,11
2019-11-10T20:00:00-04:00,7,0,757,8,1
2019-11-10T21:00:00-04:00,15,1,685,9,2
2019-11-10T22:00:00-04:00,7,0,527,7,3
2019-11-10T23:00:00-04:00,12,0,519,16,8
2019-11-11T00:00:00-04:00,12,0,373,10,5
2019-11-11T01:00:00-04:00,3,0,267,8,4
2019-11-11T02:00:00-04:00,1,0,197,3,2
2019-11-11T03:00:00-04:00,4,0,125,3,2
2019-11-11T04:00:00-04:00,0,0,104,0,0
2019-11-11T05:00:00-04:00,0,0,59,0,2
2019-11-11T06:00:00-04:00,3,0,148,1,6
2019-11-11T07:00:00-04:00,13,1,457,22,34
2019-11-11T08:00:00-04:00,29,10,1049,56,91
2019-11-11T09:00:00-04:00,178,17,1469,65,118
2019-11-11T10:00:00-04:00,201,35,1435,89,102
2019-11-11T11:00:00-04:00,260,62,1017,87,110
2019-11-11T12:00:00-04:00,400,36,1015,58,95
2019-11-11T13:00:00-04:00,224,28,969,62,94
2019-11-11T14:00:00-04:00,368,50,1091,50,73
2019-11-11T15:00:00-04:00,270,53,1050,49,77
2019-11-11T16:00:00-04:00,107,16,1286,54,59
2019-11-11T17:00:00-04:00,296,49,1628,81,45
2019-11-11T18:00:00-04:00,135,9,1657,36,32
2019-11-11T19:00:00-04:00,39,1,1234,31,18
2019-11-11T20:00:00-04:00,28,2,970,27,18
2019-11-11T21:00:00-04:00,11,0,714,19,10
2019-11-11T22:00:00-04:00,17,1,591,19,9
2019-11-11T23:00:00-04:00,11,0,509,30,5
2019-11-12T00:00:00-04:00,30,1,314,22,4
2019-11-12T01:00:00-04:00,26,0,275,14,4
2019-11-12T02:00:00-04:00,1,0,126,7,4
2019-11-12T03:00:00-04:00,9,1,62,5,3
2019-11-12T04:00:00-04:00,0,0,63,0,2
2019-11-12T05:00:00-04:00,0,0,31,1,1
2019-11-12T06:00:00-04:00,0,0,86,3,4
2019-11-12T07:00:00-04:00,25,1,218,17,24
2019-11-12T08:00:00-04:00,58,3,1083,79,74
2019-11-12T09:00:00-04:00,106,17,1904,92,92
2019-11-12T10:00:00-04:00,272,40,1650,110,137
2019-11-12T11:00:00-04:00,267,60,1181,88,129
2019-11-12T12:00:00-04:00,176,42,997,65,95
2019-11-12T13:00:00-04:00,245,33,1230,53,84
2019-11-12T14:00:00-04:00,320,51,1142,65,114
2019-11-12T15:00:00-04:00,142,27,1031,83,116
2019-11-12T16:00:00-04:00,202,37,1262,77,71
2019-11-12T17:00:00-04:00,370,66,1734,74,63
2019-11-12T18:00:00-04:00,103,4,1799,60,34
2019-11-12T19:00:00-04:00,21,0,1478,47,20
2019-11-12T20:00:00-04:00,19,0,978,27,10
2019-11-12T21:00:00-04:00,10,3,881,26,10
2019-11-12T22:00:00-04:00,11,0,773,24,6
2019-11-12T23:00:00-04:00,11,0,523,21,8
2019-11-13T00:00:00-04:00,13,1,398,21,11
2019-11-13T01:00:00-04:00,11,0,237,11,5
2019-11-13T02:00:00-04:00,3,0,144,4,5
2019-11-13T03:00:00-04:00,5,0,90,6,2
2019-11-13T04:00:00-04:00,1,0,94,1,1
2019-11-13T05:00:00-04:00,0,0,51,0,1
2019-11-13T06:00:00-04:00,1,0,170,6,10
2019-11-13T07:00:00-04:00,7,1,445,26,52
2019-11-13T08:00:00-04:00,24,2,1021,84,93
2019-11-13T09:00:00-04:00,130,5,1622,84,84
2019-11-13T10:00:00-04:00,129,15,1098,85,93
2019-11-13T11:00:00-04:00,136,26,739,71,85
2019-11-13T12:00:00-04:00,211,29,653,40,73
2019-11-13T13:00:00-04:00,191,49,848,58,66
2019-11-13T14:00:00-04:00,233,26,975,46,97
2019-11-13T15:00:00-04:00,290,63,945,49,62
2019-11-13T16:00:00-04:00,77,17,1061,42,58
2019-11-13T17:00:00-04:00,207,47,1578,68,76
2019-11-13T18:00:00-04:00,168,5,1918,57,46
2019-11-13T19:00:00-04:00,54,1,1604,48,36
2019-11-13T20:00:00-04:00,30,0,1105,35,13
2019-11-13T21:00:00-04:00,25,0,884,22,16
2019-11-13T22:00:00-04:00,12,0,830,22,12
2019-11-13T23:00:00-04:00,26,0,584,21,9
2019-11-14T00:00:00-04:00,10,0,363,19,8
2019-11-14T01:00:00-04:00,14,0,208,9,5
2019-11-14T02:00:00-04:00,3,0,138,6,7
2019-11-14T03:00:00-04:00,10,0,98,4,3
2019-11-14T04:00:00-04:00,1,0,83,0,1
2019-11-14T05:00:00-04:00,0,0,61,0,1
2019-11-14T06:00:00-04:00,3,0,195,6,5
2019-11-14T07:00:00-04:00,2,0,396,39,37
2019-11-14T08:00:00-04:00,34,0,1038,78,92
2019-11-14T09:00:00-04:00,93,10,1415,84,59
2019-11-14T10:00:00-04:00,286,32,1576,98,127
2019-11-14T11:00:00-04:00,225,49,1050,74,112
2019-11-14T12:00:00-04:00,180,54,992,60,92
2019-11-14T13:00:00-04:00,304,34,1150,55,83
2019-11-14T14:00:00-04:00,362,32,1060,55,88
2019-11-14T15:00:00-04:00,140,33,1120,82,109
2019-11-14T16:00:00-04:00,175,52,1307,64,84
2019-11-14T17:00:00-04:00,319,63,1754,91,65
2019-11-14T18:00:00-04:00,129,10,1914,64,44
2019-11-14T19:00:00-04:00,27,2,1638,50,36
2019-11-14T20:00:00-04:00,24,1,1128,38,17
2019-11-14T21:00:00-04:00,11,0,874,23,25
2019-11-14T22:00:00-04:00,15,0,789,22,11
2019-11-14T23:00:00-04:00,7,0,560,25,11
2019-11-15T00:00:00-04:00,9,0,401,26,11
2019-11-15T01:00:00-04:00,8,0,297,14,2
2019-11-15T02:00:00-04:00,3,0,175,4,2
2019-11-15T03:00:00-04:00,8,0,90,3,4
2019-11-15T04:00:00-04:00,2,0,88,1,1
2019-11-15T05:00:00-04:00,0,0,53,0,2
2019-11-15T06:00:00-04:00,1,0,171,9,11
2019-11-15T07:00:00-04:00,5,0,401,34,32
2019-11-15T08:00:00-04:00,20,3,1004,78,80
2019-11-15T09:00:00-04:00,124,22,1387,90,64
2019-11-15T10:00:00-04:00,190,20,1234,92,96
2019-11-15T11:00:00-04:00,257,34,1016,85,102
2019-11-15T12:00:00-04:00,276,28,991,55,90
2019-11-15T13:00:00-04:00,353,78,1286,52,73
2019-11-15T14:00:00-04:00,559,85,1250,54,86
2019-11-15T15:00:00-04:00,438,74,1361,69,84
2019-11-15T16:00:00-04:00,316,60,1455,79,89
2019-11-15T17:00:00-04:00,257,59,2077,78,75
2019-11-15T18:00:00-04:00,110,9,1815,55,40
2019-11-15T19:00:00-04:00,37,0,1405,34,17
2019-11-15T20:00:00-04:00,25,1,924,33,11
2019-11-15T21:00:00-04:00,5,0,668,18,8
2019-11-15T22:00:00-04:00,25,0,640,22,12
2019-11-15T23:00:00-04:00,10,0,536,28,6
2019-11-16T00:00:00-04:00,3,0,409,19,4
2019-11-16T01:00:00-04:00,7,1,337,18,6
2019-11-16T02:00:00-04:00,14,0,261,7,3
2019-11-16T03:00:00-04:00,14,2,209,6,3
2019-11-16T04:00:00-04:00,0,0,81,0,1
2019-11-16T05:00:00-04:00,1,0,65,1,0
2019-11-16T06:00:00-04:00,0,0,71,0,0
2019-11-16T07:00:00-04:00,1,0,150,12,7
2019-11-16T08:00:00-04:00,20,0,327,25,26
2019-11-16T09:00:00-04:00,67,0,649,24,31
2019-11-16T10:00:00-04:00,76,4,683,33,35
2019-11-16T11:00:00-04:00,33,7,653,30,32
2019-11-16T12:00:00-04:00,68,19,1117,31,29
2019-11-16T13:00:00-04:00,68,10,977,28,30
2019-11-16T14:00:00-04:00,166,7,1446,30,35
2019-11-16T15:00:00-04:00,177,1,1832,28,58
2019-11-16T16:00:00-04:00,18,0,723,16,21
2019-11-16T17:00:00-04:00,59,5,982,29,21
2019-11-16T18:00:00-04:00,39,2,942,29,18
2019-11-16T19:00:00-04:00,6,0,845,19,17
2019-11-16T20:00:00-04:00,16,0,608,16,7
2019-11-16T21:00:00-04:00,6,0,486,18,7
2019-11-16T22:00:00-04:00,10,0,480,17,8
2019-11-16T23:00:00-04:00,4,0,462,20,5
2019-11-17T00:00:00-04:00,27,0,357,10,4
2019-11-17T01:00:00-04:00,3,0,246,13,6
2019-11-17T02:00:00-04:00,4,0,191,7,4
2019-11-17T03:00:00-04:00,6,0,168,5,3
2019-11-17T04:00:00-04:00,0,0,69,0,1
2019-11-17T05:00:00-04:00,0,0,41,0,0
2019-11-17T06:00:00-04:00,1,0,35,0,1
2019-11-17T07:00:00-04:00,3,1,56,3,0
2019-11-17T08:00:00-04:00,5,1,146,14,8
2019-11-17T09:00:00-04:00,9,0,264,12,6
2019-11-17T10:00:00-04:00,22,9,418,16,9
2019-11-17T11:00:00-04:00,30,7,542,20,13
2019-11-17T12:00:00-04:00,32,10,756,23,13
2019-11-17T13:00:00-04:00,19,4,1072,34,16
2019-11-17T14:00:00-04:00,31,6,949,30,19
2019-11-17T15:00:00-04:00,41,23,1018,27,19
2019-11-17T16:00:00-04:00,27,13,936,25,27
2019-11-17T17:00:00-04:00,38,15,991,27,28
2019-11-17T18:00:00-04:00,38,2,1004,16,10
2019-11-17T19:00:00-04:00,6,0,902,11,4
2019-11-17T20:00:00-04:00,10,0,721,5,6
2019-11-17T21:00:00-04:00,7,0,584,4,7
2019-11-17T22:00:00-04:00,16,0,540,6,5
2019-11-17T23:00:00-04:00,3,0,594,12,4
2019-11-18T00:00:00-04:00,5,0,293,8,3
2019-11-18T01:00:00-04:00,1,0,219,6,2
2019-11-18T02:00:00-04:00,4,0,147,5,3
2019-11-18T03:00:00-04:00,4,0,54,6,4
2019-11-18T04:00:00-04:00,2,0,81,0,0
2019-11-18T05:00:00-04:00,1,0,48,2,4
2019-11-18T06:00:00-04:00,3,0,171,6,5
2019-11-18T07:00:00-04:00,31,1,460,30,32
2019-11-18T08:00:00-04:00,40,16,1154,74,88
2019-11-18T09:00:00-04:00,144,33,1724,86,107
2019-11-18T10:00:00-04:00,168,54,1591,87,105
2019-11-18T11:00:00-04:00,253,38,1123,83,111
2019-11-18T12:00:00-04:00,386,82,862,52,97
2019-11-18T13:00:00-04:00,433,93,1109,64,110
2019-11-18T14:00:00-04:00,479,89,1021,53,98
2019-11-18T15:00:00-04:00,310,50,921,57,76
2019-11-18T16:00:00-04:00,290,46,1254,62,82
2019-11-18T17:00:00-04:00,285,88,1550,83,65
2019-11-18T18:00:00-04:00,104,2,1719,66,33
2019-11-18T19:00:00-04:00,34,3,1269,45,22
2019-11-18T20:00:00-04:00,23,1,901,26,12
2019-11-18T21:00:00-04:00,21,0,637,13,4
2019-11-18T22:00:00-04:00,1,0,340,6,3
2019-11-18T23:00:00-04:00,4,0,326,5,9
2019-11-19T00:00:00-04:00,1,0,176,4,7
2019-11-19T01:00:00-04:00,0,0,150,1,2
2019-11-19T02:00:00-04:00,1,0,74,0,0
2019-11-19T03:00:00-04:00,3,0,74,0,5
2019-11-19T04:00:00-04:00,1,0,62,0,0
2019-11-19T05:00:00-04:00,0,0,46,0,0
2019-11-19T06:00:00-04:00,1,0,140,4,4
2019-11-19T07:00:00-04:00,13,0,405,28,26
2019-11-19T08:00:00-04:00,87,8,1334,80,101
2019-11-19T09:00:00-04:00,177,26,1766,93,122
2019-11-19T10:00:00-04:00,180,25,1507,85,112
2019-11-19T11:00:00-04:00,202,38,879,88,101
2019-11-19T12:00:00-04:00,127,20,973,65,95
2019-11-19T13:00:00-04:00,454,74,1035,63,72
2019-11-19T14:00:00-04:00,410,35,1096,62,107
2019-11-19T15:00:00-04:00,361,27,1095,69,78
2019-11-19T16:00:00-04:00,342,107,1245,67,67
2019-11-19T17:00:00-04:00,347,70,1731,88,63
2019-11-19T18:00:00-04:00,92,1,1859,59,38
2019-11-19T19:00:00-04:00,44,0,1578,42,29
2019-11-19T20:00:00-04:00,32,1,1376,30,17
2019-11-19T21:00:00-04:00,19,0,1101,22,9
2019-11-19T22:00:00-04:00,19,0,739,19,10
2019-11-19T23:00:00-04:00,91,0,838,14,6
2019-11-20T00:00:00-04:00,16,0,436,16,6
2019-11-20T01:00:00-04:00,6,1,214,8,3
2019-11-20T02:00:00-04:00,1,0,158,4,2
2019-11-20T03:00:00-04:00,5,0,68,2,2
2019-11-20T04:00:00-04:00,2,0,101,0,0
2019-11-20T05:00:00-04:00,2,0,65,0,5
2019-11-20T06:00:00-04:00,1,0,195,7,3
2019-11-20T07:00:00-04:00,12,0,417,21,16
2019-11-20T08:00:00-04:00,47,6,1280,64,78
2019-11-20T09:00:00-04:00,143,38,1629,90,110
2019-11-20T10:00:00-04:00,191,65,1591,96,113
2019-11-20T11:00:00-04:00,355,83,1236,105,113
2019-11-20T12:00:00-04:00,381,56,963,56,115
2019-11-20T13:00:00-04:00,424,102,1129,60,120
2019-11-20T14:00:00-04:00,361,137,1104,51,82
2019-11-20T15:00:00-04:00,281,72,1071,65,69
2019-11-20T16:00:00-04:00,312,59,1304,65,71
2019-11-20T17:00:00-04:00,285,53,1737,74,70
2019-11-20T18:00:00-04:00,117,2,1770,64,34
2019-11-20T19:00:00-04:00,43,0,1547,43,28
2019-11-20T20:00:00-04:00,33,0,1118,28,11
2019-11-20T21:00:00-04:00,11,0,940,24,16
2019-11-20T22:00:00-04:00,14,0,908,24,5
2019-11-20T23:00:00-04:00,13,0,565,27,10
2019-11-21T00:00:00-04:00,14,0,356,16,9
2019-11-21T01:00:00-04:00,17,0,215,13,2
2019-11-21T02:00:00-04:00,4,0,171,3,1
2019-11-21T03:00:00-04:00,2,0,64,1,2
2019-11-21T04:00:00-04:00,0,0,85,0,1
2019-11-21T05:00:00-04:00,1,0,50,0,3
2019-11-21T06:00:00-04:00,0,0,200,5,2
2019-11-21T07:00:00-04:00,16,1,430,25,37
2019-11-21T08:00:00-04:00,73,4,1138,68,92
2019-11-21T09:00:00-04:00,113,4,1587,94,91
2019-11-21T10:00:00-04:00,237,15,1436,85,98
2019-11-21T11:00:00-04:00,238,50,877,88,91
2019-11-21T12:00:00-04:00,126,19,764,49,71
2019-11-21T13:00:00-04:00,355,54,1088,71,87
2019-11-21T14:00:00-04:00,428,40,944,62,80
2019-11-21T15:00:00-04:00,284,47,1029,60,73
2019-11-21T16:00:00-04:00,400,97,1393,79,78
2019-11-21T17:00:00-04:00,364,66,1720,84,53
2019-11-21T18:00:00-04:00,99,2,1863,50,38
2019-11-21T19:00:00-04:00,48,0,1672,45,28
2019-11-21T20:00:00-04:00,32,1,1159,36,17
2019-11-21T21:00:00-04:00,20,0,858,38,10
2019-11-21T22:00:00-04:00,11,0,732,27,3
2019-11-21T23:00:00-04:00,14,0,701,34,9
2019-11-22T00:00:00-04:00,17,0,565,19,5
2019-11-22T01:00:00-04:00,10,0,396,18,3
2019-11-22T02:00:00-04:00,7,0,211,8,1
2019-11-22T03:00:00-04:00,5,0,115,3,0
2019-11-22T04:00:00-04:00,0,0,85,0,0
2019-11-22T05:00:00-04:00,0,0,71,1,7
2019-11-22T06:00:00-04:00,3,0,172,3,4
2019-11-22T07:00:00-04:00,8,0,427,28,20
2019-11-22T08:00:00-04:00,31,6,1101,69,96
2019-11-22T09:00:00-04:00,126,39,1466,88,77
2019-11-22T10:00:00-04:00,272,80,1249,87,71
2019-11-22T11:00:00-04:00,198,35,1229,92,109
2019-11-22T12:00:00-04:00,233,39,1070,69,106
2019-11-22T13:00:00-04:00,281,56,1343,88,96
2019-11-22T14:00:00-04:00,234,43,1315,63,106
2019-11-22T15:00:00-04:00,295,86,1272,65,80
2019-11-22T16:00:00-04:00,232,32,1473,67,57
2019-11-22T17:00:00-04:00,199,27,1772,73,49
2019-11-22T18:00:00-04:00,84,4,1959,47,31
2019-11-22T19:00:00-04:00,40,0,1969,43,29
2019-11-22T20:00:00-04:00,27,0,1185,44,17
2019-11-22T21:00:00-04:00,26,0,843,22,11
2019-11-22T22:00:00-04:00,111,3,1659,29,20
2019-11-22T23:00:00-04:00,19,0,767,27,5
2019-11-23T00:00:00-04:00,5,1,580,18,5
2019-11-23T01:00:00-04:00,5,0,390,9,6
2019-11-23T02:00:00-04:00,7,1,344,12,7
2019-11-23T03:00:00-04:00,10,0,229,7,1
2019-11-23T04:00:00-04:00,4,0,139,3,1
2019-11-23T05:00:00-04:00,0,0,57,1,2
2019-11-23T06:00:00-04:00,0,0,45,0,1
2019-11-23T07:00:00-04:00,2,0,107,5,7
2019-11-23T08:00:00-04:00,8,1,160,17,11
2019-11-23T09:00:00-04:00,18,5,342,25,23
2019-11-23T10:00:00-04:00,58,6,624,19,35
2019-11-23T11:00:00-04:00,38,7,734,15,30
2019-11-23T12:00:00-04:00,124,29,1133,15,27
2019-11-23T13:00:00-04:00,93,18,1614,33,65
2019-11-23T14:00:00-04:00,267,25,1651,34,39
2019-11-23T15:00:00-04:00,294,48,2031,52,53
2019-11-23T16:00:00-04:00,187,34,1384,44,41
2019-11-23T17:00:00-04:00,102,11,811,14,12
2019-11-23T18:00:00-04:00,39,0,1201,11,12
2019-11-23T19:00:00-04:00,42,0,1156,14,21
2019-11-23T20:00:00-04:00,74,0,839,10,15
2019-11-23T21:00:00-04:00,4,0,469,11,3
2019-11-23T22:00:00-04:00,1,0,430,4,7
2019-11-23T23:00:00-04:00,0,0,324,6,5
2019-11-24T00:00:00-04:00,0,0,261,3,5
2019-11-24T01:00:00-04:00,0,0,214,3,4
2019-11-24T02:00:00-04:00,0,0,132,1,3
2019-11-24T03:00:00-04:00,1,0,147,0,1
2019-11-24T04:00:00-04:00,0,0,81,0,1
2019-11-24T05:00:00-04:00,0,0,33,0,0
2019-11-24T06:00:00-04:00,0,0,26,0,0
2019-11-24T07:00:00-04:00,0,0,34,0,0
2019-11-24T08:00:00-04:00,2,1,102,5,5
2019-11-24T09:00:00-04:00,16,9,180,6,3
2019-11-24T10:00:00-04:00,8,2,356,11,16
2019-11-24T11:00:00-04:00,19,3,552,22,9
2019-11-24T12:00:00-04:00,21,4,680,23,12
2019-11-24T13:00:00-04:00,29,7,773,24,12
2019-11-24T14:00:00-04:00,15,1,726,18,53
2019-11-24T15:00:00-04:00,30,2,836,14,20
2019-11-24T16:00:00-04:00,1,0,527,12,10
2019-11-24T17:00:00-04:00,25,0,720,20,9
2019-11-24T18:00:00-04:00,30,1,747,9,5
2019-11-24T19:00:00-04:00,10,0,726,12,3
2019-11-24T20:00:00-04:00,3,0,570,6,3
2019-11-24T21:00:00-04:00,10,0,534,9,3
2019-11-24T22:00:00-04:00,8,0,544,7,3
2019-11-24T23:00:00-04:00,7,0,442,18,4
2019-11-25T00:00:00-04:00,12,0,389,9,4
2019-11-25T01:00:00-04:00,0,0,202,5,0
2019-11-25T02:00:00-04:00,0,0,123,5,2
2019-11-25T03:00:00-04:00,3,0,92,4,2
2019-11-25T04:00:00-04:00,0,0,94,0,0
2019-11-25T05:00:00-04:00,0,0,50,0,6
2019-11-25T06:00:00-04:00,1,0,167,7,11
2019-11-25T07:00:00-04:00,115,18,387,20,18
2019-11-25T08:00:00-04:00,89,20,857,80,69
2019-11-25T09:00:00-04:00,139,6,1312,94,79
2019-11-25T10:00:00-04:00,87,18,1017,82,87
2019-11-25T11:00:00-04:00,176,25,785,73,106
2019-11-25T12:00:00-04:00,130,16,726,49,76
2019-11-25T13:00:00-04:00,177,10,968,55,62
2019-11-25T14:00:00-04:00,300,37,955,50,83
2019-11-25T15:00:00-04:00,119,15,763,35,57
2019-11-25T16:00:00-04:00,36,5,821,28,43
2019-11-25T17:00:00-04:00,210,28,1522,71,68
2019-11-25T18:00:00-04:00,95,5,1849,43,31
2019-11-25T19:00:00-04:00,23,0,1360,38,24
2019-11-25T20:00:00-04:00,11,0,1024,32,15
2019-11-25T21:00:00-04:00,10,0,763,17,6
2019-11-25T22:00:00-04:00,16,0,637,18,9
2019-11-25T23:00:00-04:00,9,1,487,19,8
2019-11-26T00:00:00-04:00,13,0,420,12,8
2019-11-26T01:00:00-04:00,8,0,223,4,6
2019-11-26T02:00:00-04:00,6,0,114,4,2
2019-11-26T03:00:00-04:00,3,0,78,2,1
2019-11-26T04:00:00-04:00,1,0,88,1,0
2019-11-26T05:00:00-04:00,1,0,90,0,2
2019-11-26T06:00:00-04:00,0,0,178,5,4
2019-11-26T07:00:00-04:00,7,0,425,25,25
2019-11-26T08:00:00-04:00,33,0,971,74,78
2019-11-26T09:00:00-04:00,79,0,1140,94,63
2019-11-26T10:00:00-04:00,76,11,1114,73,121
2019-11-26T11:00:00-04:00,107,6,791,71,78
2019-11-26T12:00:00-04:00,57,3,699,43,57
2019-11-26T13:00:00-04:00,106,12,1144,41,62
2019-11-26T14:00:00-04:00,206,10,1202,49,89
2019-11-26T15:00:00-04:00,78,8,1323,62,95
2019-11-26T16:00:00-04:00,87,29,1590,62,65
2019-11-26T17:00:00-04:00,187,22,1937,69,51
2019-11-26T18:00:00-04:00,53,0,1815,49,31
2019-11-26T19:00:00-04:00,30,0,1455,38,18
2019-11-26T20:00:00-04:00,15,1,892,34,12
2019-11-26T21:00:00-04:00,6,1,573,21,9
2019-11-26T22:00:00-04:00,2,0,389,17,7
2019-11-26T23:00:00-04:00,2,0,250,8,3
2019-11-27T00:00:00-04:00,1,0,148,6,3
2019-11-27T01:00:00-04:00,15,0,119,5,8
2019-11-27T02:00:00-04:00,1,0,47,2,2
2019-11-27T03:00:00-04:00,0,0,38,0,2
2019-11-27T04:00:00-04:00,0,0,76,0,2
2019-11-27T05:00:00-04:00,0,0,48,0,0
2019-11-27T06:00:00-04:00,0,0,130,4,6
2019-11-27T07:00:00-04:00,1,0,278,17,14
2019-11-27T08:00:00-04:00,7,1,608,64,49
2019-11-27T09:00:00-04:00,13,1,636,67,63
2019-11-27T10:00:00-04:00,15,16,636,53,61
2019-11-27T11:00:00-04:00,4,1,505,52,61
2019-11-27T12:00:00-04:00,41,1,537,44,50
2019-11-27T13:00:00-04:00,36,1,674,41,42
2019-11-27T14:00:00-04:00,30,5,652,40,53
2019-11-27T15:00:00-04:00,18,2,542,48,30
2019-11-27T16:00:00-04:00,9,3,490,47,20
2019-11-27T17:00:00-04:00,34,2,479,55,12
2019-11-27T18:00:00-04:00,14,0,458,31,12
2019-11-27T19:00:00-04:00,3,0,342,24,4
2019-11-27T20:00:00-04:00,1,0,216,17,3
2019-11-27T21:00:00-04:00,3,0,175,16,4
2019-11-27T22:00:00-04:00,1,0,167,12,9
2019-11-27T23:00:00-04:00,1,0,197,10,4
2019-11-28T00:00:00-04:00,1,0,133,6,4
2019-11-28T01:00:00-04:00,0,0,68,3,5
2019-11-28T02:00:00-04:00,0,0,56,0,1
2019-11-28T03:00:00-04:00,1,0,27,0,1
2019-11-28T04:00:00-04:00,0,0,14,0,0
2019-11-28T05:00:00-04:00,0,0,13,0,0
2019-11-28T06:00:00-04:00,0,0,20,0,0
2019-11-28T07:00:00-04:00,0,0,35,0,1
2019-11-28T08:00:00-04:00,4,0,93,2,3
2019-11-28T09:00:00-04:00,34,0,89,1,1
2019-11-28T10:00:00-04:00,5,0,103,3,2
2019-11-28T11:00:00-04:00,7,1,128,6,10
2019-11-28T12:00:00-04:00,18,3,144,3,4
2019-11-28T13:00:00-04:00,10,0,245,4,4
2019-11-28T14:00:00-04:00,13,1,134,3,3
2019-11-28T15:00:00-04:00,6,2,114,2,1
2019-11-28T16:00:00-04:00,4,1,135,2,1
2019-11-28T17:00:00-04:00,0,1,156,5,3
2019-11-28T18:00:00-04:00,0,0,104,1,0
2019-11-28T19:00:00-04:00,3,0,62,1,1
2019-11-28T20:00:00-04:00,1,0,77,0,1
2019-11-28T21:00:00-04:00,12,0,70,0,1
2019-11-28T22:00:00-04:00,1,0,61,0,0
2019-11-28T23:00:00-04:00,0,0,50,0,0
2019-11-29T00:00:00-04:00,1,0,30,0,0
2019-11-29T01:00:00-04:00,1,0,23,0,0
2019-11-29T02:00:00-04:00,0,0,13,0,1
2019-11-29T03:00:00-04:00,0,0,20,0,0
2019-11-29T04:00:00-04:00,0,0,6,0,0
2019-11-29T05:00:00-04:00,0,0,8,0,1
2019-11-29T06:00:00-04:00,0,0,47,1,0
2019-11-29T07:00:00-04:00,1,0,86,10,7
2019-11-29T08:00:00-04:00,7,0,94,20,11
2019-11-29T09:00:00-04:00,29,6,115,19,13
2019-11-29T10:00:00-04:00,5,0,125,12,21
2019-11-29T11:00:00-04:00,5,1,141,11,13
2019-11-29T12:00:00-04:00,16,10,155,10,17
2019-11-29T13:00:00-04:00,7,35,147,7,9
2019-11-29T14:00:00-04:00,7,0,217,10,9
2019-11-29T15:00:00-04:00,21,0,208,8,8
2019-11-29T16:00:00-04:00,8,1,245,13,6
2019-11-29T17:00:00-04:00,11,1,289,21,3
2019-11-29T18:00:00-04:00,16,1,256,14,2
2019-11-29T19:00:00-04:00,2,0,218,13,0
2019-11-29T20:00:00-04:00,5,0,132,10,2
2019-11-29T21:00:00-04:00,2,0,113,8,2
2019-11-29T22:00:00-04:00,2,0,111,5,0
2019-11-29T23:00:00-04:00,2,0,83,1,1
2019-11-30T00:00:00-04:00,6,0,112,0,0
2019-11-30T01:00:00-04:00,0,0,39,0,0
2019-11-30T02:00:00-04:00,0,0,32,0,0
2019-11-30T03:00:00-04:00,7,0,19,0,0
2019-11-30T04:00:00-04:00,0,0,12,0,0
2019-11-30T05:00:00-04:00,0,0,2,0,0
2019-11-30T06:00:00-04:00,0,0,12,0,0
2019-11-30T07:00:00-04:00,0,0,37,3,1
2019-11-30T08:00:00-04:00,1,2,148,6,7
2019-11-30T09:00:00-04:00,1,0,112,11,2
2019-11-30T10:00:00-04:00,3,0,153,11,6
2019-11-30T11:00:00-04:00,6,0,209,9,8
2019-11-30T12:00:00-04:00,10,7,302,12,13
2019-11-30T13:00:00-04:00,12,0,340,7,5
2019-11-30T14:00:00-04:00,10,3,397,10,9
2019-11-30T15:00:00-04:00,11,4,341,9,9
2019-11-30T16:00:00-04:00,4,1,274,10,5
2019-11-30T17:00:00-04:00,10,1,301,9,4
2019-11-30T18:00:00-04:00,9,1,255,5,0
2019-11-30T19:00:00-04:00,0,0,242,5,3
2019-11-30T20:00:00-04:00,8,0,182,3,0
2019-11-30T21:00:00-04:00,0,0,181,4,2
2019-11-30T22:00:00-04:00,3,0,161,3,2
2019-11-30T23:00:00-04:00,1,0,173,0,0
2019-12-01T00:00:00-04:00,1,0,154,0,0